step,loss
10,3.29170000
20,3.94740000
30,4.13620000
40,3.29700000
50,3.29040000
60,2.72000000
70,3.69850000
80,4.21000000
90,3.22680000
100,2.85530000
110,3.35320000
120,3.34930000
130,2.68400000
140,3.04920000
150,2.80420000
160,3.15740000
170,2.93540000
180,3.60390000
190,3.57860000
200,3.02620000
210,3.20350000
220,2.74720000
230,2.64760000
240,3.28790000
250,3.92940000
260,3.08070000
270,2.44100000
280,2.70160000
290,2.42700000
300,2.99320000
310,2.83340000
320,2.54790000
330,3.07870000
340,2.95380000
350,3.11790000
360,3.25820000
370,3.27110000
380,2.24620000
390,3.35300000
400,2.83280000
410,2.46100000
420,2.82540000
430,2.85600000
440,3.32260000
450,2.56990000
460,3.02080000
470,3.39270000
480,3.06960000
490,2.51980000
500,1.99190000
510,2.74620000
520,2.01420000
530,2.14490000
540,2.46370000
550,2.54680000
560,2.14520000
570,2.20800000
580,1.84810000
590,2.26380000
600,2.59590000
610,2.25210000
620,2.79590000
630,2.32120000
640,3.06620000
650,2.91930000
660,2.34550000
670,2.39150000
680,2.16480000
690,2.16750000
700,2.01800000
710,2.62060000
720,1.98170000
730,1.91320000
740,2.79520000
750,2.27500000
760,2.35670000
770,2.18450000
780,2.80560000
790,1.93520000
800,2.19560000
810,3.18710000
820,2.25060000
830,3.26670000
840,1.76670000
850,1.97310000
860,1.90150000
870,2.23350000
880,2.67110000
890,2.83870000
900,1.78830000
910,1.85850000
920,1.98560000
930,1.82060000
940,2.13930000
950,2.05630000
960,3.14310000
970,2.63580000
980,1.79350000
990,2.15020000
1000,1.99930000
1010,1.89250000
1020,2.35410000
1030,2.05940000
1040,2.13060000
1050,2.21380000
1060,1.79060000
1070,2.05980000
1080,3.07120000
1090,2.20720000
1100,1.89410000
1110,1.98300000
1120,2.52740000
1130,1.97350000
1140,2.64620000
1150,2.82670000
1160,2.83940000
1170,2.16850000
1180,1.34580000
1190,2.12720000
1200,2.39580000
1210,1.79240000
1220,2.51110000
1230,1.85320000
1240,2.29600000
1250,2.09900000
1260,2.05660000
1270,2.39330000
1280,2.71690000
1290,2.48150000
1300,2.80530000
1310,2.27020000
1320,2.36880000
1330,2.13930000
1340,2.55310000
1350,1.67620000
1360,2.59530000
1370,2.37840000
1380,1.83820000
1390,2.64220000
1400,1.87200000
1410,2.14440000
1420,3.44390000
1430,3.34270000
1440,2.42970000
1450,1.95310000
1460,2.50370000
1470,2.69910000
1480,2.22630000
1490,2.20750000
1500,2.38380000
1510,2.90780000
1520,2.40930000
1530,2.55960000
1540,2.68480000
1550,2.68400000
1560,1.64320000
1570,3.00830000
1580,2.47020000
1590,2.34290000
1600,1.97450000
1610,2.70910000
1620,2.26620000
1630,2.14430000
1640,1.77640000
1650,2.13170000
1660,2.87720000
1670,2.10410000
1680,1.86860000
1690,1.94460000
1700,2.15360000
1710,2.34210000
1720,2.20400000
1730,1.49570000
1740,2.60320000
1750,3.31360000
1760,3.34090000
1770,2.13710000
1780,3.03090000
1790,2.39660000
1800,3.02210000
1810,2.47850000
1820,2.01970000
1830,2.69030000
1840,2.19980000
1850,2.15870000
1860,2.90880000
1870,3.17090000
1880,3.36600000
1890,2.41580000
1900,2.01220000
1910,2.36650000
1920,1.95350000
1930,2.77160000
1940,2.47810000
1950,2.70910000
1960,2.81410000
1970,3.23360000
1980,2.55700000
1990,2.59020000
2000,2.15030000
2010,1.81930000
2020,2.30200000
2030,2.64310000
2040,2.44840000
2050,2.40280000
2060,2.69000000
2070,2.05890000
2080,2.78440000
2090,2.31720000
2100,2.41630000
2110,2.28760000
2120,2.68250000
2130,2.21910000
2140,2.68520000
2150,2.31040000
2160,2.64020000
2170,2.30750000
2180,1.99820000
2190,2.07150000
2200,1.92860000
2210,1.99520000
2220,2.70310000
2230,2.17640000
2240,2.57920000
2250,1.77990000
2260,3.66140000
2270,1.91980000
2280,1.65850000
2290,2.98910000
2300,3.17810000
2310,2.06930000
2320,2.92550000
2330,2.16180000
2340,1.65370000
2350,2.82060000
2360,2.63720000
2370,2.00230000
2380,2.88990000
2390,2.30710000
2400,3.28350000
2410,1.99090000
2420,2.10070000
2430,2.57600000
2440,2.40750000
2450,3.19040000
2460,2.86160000
2470,3.07290000
2480,2.15670000
2490,2.74900000
2500,2.97080000
2510,2.44160000
2520,2.64210000
2530,2.52590000
2540,1.86990000
2550,2.39020000
2560,3.11880000
2570,2.80470000
2580,3.04150000
2590,2.60930000
2600,3.26730000
2610,2.31780000
2620,2.78500000
2630,2.73140000
2640,2.08590000
2650,3.28400000
2660,3.52460000
2670,3.26740000
2680,2.44340000
2690,3.12610000
2700,2.75890000
2710,3.37390000
2720,2.87090000
2730,3.43370000
2740,3.13090000
2750,2.59000000
2760,3.89770000
2770,3.18850000
2780,2.93180000
2790,3.50560000
2800,2.74820000
2810,2.35110000
2820,2.95200000
2830,2.44850000
2840,2.66660000
2850,2.70880000
2860,3.01930000
2870,3.10920000
2880,3.08630000
2890,3.43510000
2900,3.59910000
2910,2.97730000
2920,2.77540000
2930,3.09510000
2940,2.66700000
2950,3.10490000
2960,2.84160000
2970,2.88640000
2980,2.78050000
2990,4.46060000
3000,5.46260000
3010,6.45660000
3020,7.28060000
3030,9.34100000
3040,8.67260000
3050,8.09120000
3060,8.32390000
3070,8.80900000
3080,9.00140000
3090,8.60700000
3100,8.55090000
3110,8.55250000
3120,9.04270000
3130,9.27000000
3140,8.12440000
3150,8.66800000
3160,8.00960000
3170,8.05170000
3180,8.26460000
3190,6.92700000
3200,7.61910000
3210,7.03360000
3220,7.29520000
3230,8.41480000
3240,8.85080000
3250,8.78240000
3260,8.57910000
3270,8.24220000
3280,7.81530000
3290,6.91570000
3300,6.94970000
3310,7.23570000
3320,8.17770000
3330,8.38250000
3340,7.38550000
3350,8.22920000
3360,8.56560000
3370,8.06400000
3380,8.29430000
3390,6.55940000
3400,6.69530000
3410,7.25160000
3420,7.75670000
3430,5.53200000
3440,7.53350000
3450,6.96500000
3460,7.59660000
3470,6.05900000
3480,8.09590000
3490,6.67700000
3500,7.86290000
3510,6.63840000
3520,7.58900000
3530,7.02310000
3540,6.44930000
3550,8.11520000
3560,7.02500000
3570,6.93400000
3580,7.85900000
3590,7.40700000
3600,7.46330000
3610,7.31870000
3620,7.15140000
3630,7.01690000
3640,6.91300000
3650,7.08270000
3660,6.73000000
3670,7.05010000
3680,6.79470000
3690,7.43490000
3700,7.10280000
3710,5.71010000
3720,7.37030000
3730,6.97670000
3740,6.96670000
3750,6.40610000
3760,6.94590000
3770,6.59490000
3780,6.49320000
3790,7.97700000
3800,6.98220000
3810,7.11710000
3820,7.07910000
3830,6.82660000
3840,5.82940000
3850,7.77510000
3860,7.04700000
3870,5.47040000
3880,7.31920000
3890,7.09130000
3900,7.01620000
3910,7.45130000
3920,7.59910000
3930,6.98420000
3940,7.29300000
3950,6.68130000
3960,6.93610000
3970,6.29060000
3980,7.06350000
3990,7.22700000
4000,5.97550000
4010,7.46550000
4020,6.09250000
4030,7.04600000
4040,5.86470000
4050,6.51320000
4060,7.09760000
4070,8.96900000
4080,6.73420000
4090,6.50470000
4100,7.02410000
4110,7.75550000
4120,7.12580000
4130,5.99210000
4140,6.44340000
4150,7.48830000
4160,5.55260000
4170,6.54930000
4180,6.85230000
4190,6.12720000
4200,6.74130000
4210,7.49290000
4220,6.44520000
4230,5.79730000
4240,7.11100000
4250,6.57130000
4260,6.99810000
4270,6.99470000
4280,7.57770000
4290,6.67220000
4300,5.97760000
4310,7.18730000
4320,7.36010000
4330,5.72290000
4340,6.75930000
4350,7.35770000
4360,5.54310000
4370,7.62110000
4380,7.04390000
4390,7.72510000
4400,7.11240000
4410,6.57120000
4420,8.17200000
4430,6.96260000
4440,6.45120000
4450,6.22120000
4460,7.71040000
4470,6.35830000
4480,6.62150000
4490,7.05970000
4500,6.40260000
4510,6.22260000
4520,6.52870000
4530,6.94940000
4540,5.24300000
4550,7.59800000
4560,6.91940000
4570,7.22930000
4580,5.97410000
4590,6.98710000
4600,7.80440000
4610,7.13090000
4620,6.44910000
4630,5.72120000
4640,6.25270000
4650,7.62910000
4660,5.72430000
4670,5.78930000
4680,6.76160000
4690,5.98230000
4700,7.57760000
4710,6.96540000
4720,6.67540000
4730,7.31140000
4740,6.76070000
4750,5.45920000
4760,6.90260000
4770,5.54850000
4780,6.85100000
4790,5.71760000
4800,6.51550000
4810,5.62800000
4820,6.12450000
4830,7.35350000
4840,7.58430000
4850,6.17690000
4860,7.22700000
4870,6.48120000
4880,6.75150000
4890,6.43910000
4900,7.51800000
4910,6.77400000
4920,6.58830000
4930,6.08370000
4940,5.69190000
4950,6.48020000
4960,9.08710000
4970,7.26800000
4980,6.35760000
4990,6.52560000
5000,6.35010000
5010,5.94880000
5020,8.20720000
5030,6.48720000
5040,5.46570000
5050,5.57060000
5060,7.21220000
5070,6.44550000
5080,7.16670000
5090,6.27420000
5100,5.81050000
5110,6.56630000
5120,7.84820000
5130,7.04840000
5140,6.40210000
5150,5.21420000
5160,6.85530000
5170,5.93350000
5180,6.06710000
5190,7.19130000
5200,6.41760000
5210,6.56840000
5220,6.00200000
5230,6.27000000
5240,5.89380000
5250,6.41380000
5260,7.11950000
5270,6.65210000
5280,6.13420000
5290,6.26680000
5300,6.26410000
5310,6.10570000
5320,6.05640000
5330,6.92710000
5340,6.72140000
5350,7.64540000
5360,6.80970000
5370,6.85500000
5380,5.88460000
5390,6.85840000
5400,6.47960000
5410,5.98650000
5420,6.92720000
5430,5.90840000
5440,7.19470000
5450,5.65490000
5460,7.18750000
5470,7.10120000
5480,7.87840000
5490,6.16120000
5500,7.04590000
5510,6.91180000
5520,6.66330000
5530,5.80640000
5540,6.27270000
5550,7.50550000
5560,5.28570000
5570,5.64130000
5580,6.15540000
5590,5.66480000
5600,8.18850000
5610,6.48180000
5620,7.50140000
5630,6.52190000
5640,7.13130000
5650,6.43040000
5660,7.24950000
5670,6.31810000
5680,5.40170000
5690,6.31460000
5700,7.06550000
5710,4.83580000
5720,6.81160000
5730,6.06960000
5740,6.05390000
5750,6.71940000
5760,8.07750000
5770,5.77720000
5780,5.72400000
5790,7.12000000
5800,6.53440000
5810,6.20690000
5820,5.91400000
5830,5.59740000
5840,6.34920000
5850,6.10630000
5860,6.23210000
5870,5.52940000
5880,7.01480000
5890,5.43020000
5900,5.53320000
5910,6.62640000
5920,6.30100000
5930,7.42800000
5940,6.11430000
5950,5.56670000
5960,6.17390000
5970,5.95920000
5980,7.07010000
5990,6.09170000
6000,6.87010000
6010,6.13540000
6020,7.04020000
6030,5.99560000
6040,7.17080000
6050,7.24450000
6060,7.12990000
6070,6.68300000
6080,7.08860000
6090,7.08800000
6100,7.24200000
6110,6.21660000
6120,7.62590000
6130,7.52150000
6140,6.31560000
6150,5.42080000
6160,5.37410000
6170,6.61380000
6180,5.86210000
6190,5.52650000
6200,5.33120000
6210,6.08610000
6220,6.65330000
6230,6.47580000
6240,6.11960000
6250,7.33560000
6260,6.50460000
6270,5.74590000
6280,5.87980000
6290,6.20960000
6300,6.21510000
6310,6.72420000
6320,7.31230000
6330,5.61330000
6340,6.71360000
6350,5.77610000
6360,5.18650000
6370,6.51980000
6380,6.82740000
6390,6.55570000
6400,6.50190000
6410,5.74590000
6420,5.10830000
6430,5.65030000
6440,5.75570000
6450,4.43070000
6460,6.04490000
6470,6.15440000
6480,7.34470000
6490,5.58690000
6500,6.05430000
6510,5.88780000
6520,5.47910000
6530,4.85410000
6540,6.23440000
6550,6.29450000
6560,6.30510000
6570,5.77610000
6580,4.51260000
6590,6.86920000
6600,5.67630000
6610,4.97350000
6620,5.46960000
6630,5.39310000
6640,7.80330000
6650,6.15580000
6660,6.17040000
6670,6.84110000
6680,5.33570000
6690,6.09240000
6700,6.80440000
6710,6.99900000
6720,6.54220000
6730,6.51340000
6740,6.57800000
6750,6.46360000
6760,7.53800000
6770,5.97570000
6780,6.53340000
6790,7.23110000
6800,5.33760000
6810,6.29830000
6820,5.29680000
6830,5.96850000
6840,5.72190000
6850,6.10570000
6860,6.63130000
6870,6.28690000
6880,5.94900000
6890,6.21870000
6900,6.13250000
6910,5.68110000
6920,5.16610000
6930,5.99390000
6940,5.60330000
6950,5.49690000
6960,5.88910000
6970,5.41260000
6980,7.17400000
6990,4.87410000
7000,6.84390000
7010,5.48640000
7020,7.63190000
7030,5.34370000
7040,4.59830000
7050,4.85820000
7060,5.86640000
7070,6.46650000
7080,5.54220000
7090,6.47440000
7100,5.76980000
7110,7.42810000
7120,7.40280000
7130,6.09560000
7140,5.78610000
7150,5.99110000
7160,7.55860000
7170,6.68130000
7180,4.67840000
7190,6.63150000
7200,5.81420000
7210,5.25040000
7220,7.08260000
7230,6.16220000
7240,5.14990000
7250,5.78420000
7260,6.11390000
7270,5.66450000
7280,5.37890000
7290,6.41560000
7300,6.48030000
7310,5.08000000
7320,5.90930000
7330,4.75440000
7340,5.48370000
7350,5.87320000
7360,4.97980000
7370,5.86620000
7380,5.64140000
7390,6.35850000
7400,7.58860000
7410,5.78650000
7420,5.81520000
7430,6.46030000
7440,5.24010000
7450,5.33350000
7460,6.80240000
7470,7.19550000
7480,5.09110000
7490,7.25210000
7500,5.68300000
7510,5.40800000
7520,6.27120000
7530,5.85160000
7540,4.59810000
7550,6.96470000
7560,6.19920000
7570,4.78960000
7580,4.53200000
7590,6.23660000
7600,6.92250000
7610,7.12020000
7620,6.66490000
7630,6.30590000
7640,7.72210000
7650,6.60410000
7660,6.02050000
7670,5.95610000
7680,5.53270000
7690,6.63560000
7700,4.76570000
7710,5.04940000
7720,6.27360000
7730,6.54910000
7740,4.84010000
7750,6.47310000
7760,5.89030000
7770,4.55610000
7780,5.74030000
7790,5.37960000
7800,5.47460000
7810,4.50330000
7820,6.03260000
7830,6.99100000
7840,4.71000000
7850,7.33500000
7860,5.99790000
7870,5.25270000
7880,6.18250000
7890,6.31980000
7900,7.53150000
7910,6.38640000
7920,4.43690000
7930,7.40520000
7940,5.64940000
7950,5.49970000
7960,5.93400000
7970,6.92710000
7980,5.87560000
7990,6.56530000
8000,7.01550000
8010,5.80710000
8020,5.94050000
8030,6.49300000
8040,5.08230000
8050,5.46160000
8060,5.29600000
8070,6.18820000
8080,4.95290000
8090,6.10200000
8100,6.56380000
8110,6.87070000
8120,6.10790000
8130,5.66060000
8140,5.86080000
8150,5.85120000
8160,5.18490000
8170,6.13080000
8180,5.85590000
8190,5.60230000
8200,5.03530000
8210,5.29330000
8220,4.79140000
8230,5.77020000
8240,6.47190000
8250,6.40380000
8260,5.01310000
8270,7.11650000
8280,5.48290000
8290,5.92900000
8300,4.11770000
8310,6.11160000
8320,6.38170000
8330,6.45320000
8340,4.95330000
8350,5.24140000
8360,6.07780000
8370,8.40920000
8380,6.77910000
8390,6.47260000
8400,6.33690000
8410,4.15570000
8420,5.00070000
8430,5.41290000
8440,7.53040000
8450,5.71500000
8460,5.72990000
8470,5.51850000
8480,7.56100000
8490,6.70290000
8500,5.09430000
8510,6.44050000
8520,4.91630000
8530,5.91330000
8540,6.58330000
8550,6.95170000
8560,5.96330000
8570,6.52350000
8580,5.73170000
8590,7.91340000
8600,5.14180000
8610,6.54500000
8620,5.61640000
8630,7.07570000
8640,5.54770000
8650,5.57500000
8660,5.47780000
8670,5.70190000
8680,6.19960000
8690,5.37050000
8700,7.67580000
8710,4.58440000
8720,6.46070000
8730,4.36130000
8740,5.59190000
8750,5.00240000
8760,5.66100000
8770,4.14900000
8780,5.33590000
8790,5.66210000
8800,5.56090000
8810,4.99750000
8820,6.98860000
8830,4.80680000
8840,7.01110000
8850,5.20730000
8860,7.47500000
8870,5.27710000
8880,5.88900000
8890,5.54930000
8900,5.68020000
8910,5.77810000
8920,6.65310000
8930,6.05860000
8940,6.05400000
8950,5.73970000
8960,6.78690000
8970,5.61630000
8980,5.32470000
8990,6.00250000
9000,5.08360000
9010,7.36950000
9020,6.09670000
9030,5.93860000
9040,5.47130000
9050,6.31950000
9060,5.11390000
9070,5.77700000
9080,5.96930000
9090,6.88640000
9100,6.80560000
9110,5.60500000
9120,5.51200000
9130,5.42340000
9140,4.47730000
9150,7.88700000
9160,6.90820000
9170,5.03400000
9180,6.19200000
9190,5.23930000
9200,6.04230000
9210,4.66730000
9220,5.72980000
9230,5.16910000
9240,7.26260000
9250,5.92110000
9260,4.47280000
9270,5.04750000
9280,5.88010000
9290,5.16960000
9300,6.39790000
9310,5.26380000
9320,6.82770000
9330,4.62620000
9340,6.66700000
9350,6.01540000
9360,5.64010000
9370,5.09200000
9380,5.00220000
9390,6.67780000
9400,5.94830000
9410,5.68450000
9420,6.01620000
9430,6.24460000
9440,6.18690000
9450,5.44520000
9460,6.11260000
9470,5.89980000
9480,4.22130000
9490,5.92650000
9500,5.45720000
9510,5.13330000
9520,4.78000000
9530,3.87470000
9540,6.10720000
9550,6.02250000
9560,4.96160000
9570,5.64320000
9580,5.36170000
9590,6.46540000
9600,6.93390000
9610,5.21320000
9620,5.94780000
9630,4.83210000
9640,6.52720000
9650,5.94040000
9660,4.85680000
9670,5.02810000
9680,6.43860000
9690,6.17090000
9700,7.00300000
9710,6.16920000
9720,5.14330000
9730,5.29450000
9740,5.12460000
9750,5.24900000
9760,7.47220000
9770,5.39070000
9780,4.83610000
9790,6.94110000
9800,6.45080000
9810,5.40650000
9820,5.89140000
9830,6.78590000
9840,5.19330000
9850,5.19210000
9860,5.07370000
9870,6.09590000
9880,4.73600000
9890,5.24300000
9900,6.31900000
9910,4.71900000
9920,5.62890000
9930,5.69650000
9940,6.18060000
9950,6.82770000
9960,6.96320000
9970,5.40770000
9980,6.23590000
9990,7.62780000
10000,5.79180000
10010,6.80490000
10020,4.35840000
10030,5.79300000
10040,5.49080000
10050,6.34830000
10060,4.51020000
10070,5.32970000
10080,4.62690000
10090,5.63950000
10100,5.11460000
10110,6.27040000
10120,4.87780000
10130,5.64390000
10140,5.83110000
10150,5.58500000
10160,4.37970000
10170,6.01950000
10180,7.68200000
10190,5.24030000
10200,6.03890000
10210,4.65430000
10220,4.99300000
10230,6.20840000
10240,6.49810000
10250,6.35300000
10260,4.78510000
10270,7.65810000
10280,4.86540000
10290,5.44580000
10300,4.56020000
10310,6.65060000
10320,5.33040000
10330,6.43210000
10340,6.49380000
10350,5.96370000
10360,5.91180000
10370,6.40540000
10380,5.84750000
10390,5.05280000
10400,6.95580000
10410,4.58440000
10420,5.34690000
10430,7.75090000
10440,5.86080000
10450,7.43850000
10460,7.67530000
10470,5.07320000
10480,4.86480000
10490,5.56510000
10500,4.89210000
10510,4.32840000
10520,5.53470000
10530,4.78390000
10540,4.85340000
10550,6.66180000
10560,5.23200000
10570,5.20660000
10580,5.96920000
10590,6.46960000
10600,5.37320000
10610,5.42000000
10620,5.72750000
10630,6.26110000
10640,5.80360000
10650,5.40520000
10660,5.86180000
10670,6.27260000
10680,5.04210000
10690,5.57390000
10700,4.96460000
10710,7.33940000
10720,7.33140000
10730,5.28960000
10740,6.32900000
10750,7.83880000
10760,5.70240000
10770,6.19460000
10780,5.87680000
10790,5.45340000
10800,5.19630000
10810,4.79900000
10820,4.72790000
10830,5.83700000
10840,4.74630000
10850,6.09780000
10860,3.48070000
10870,6.88740000
10880,5.90040000
10890,6.02740000
10900,6.21650000
10910,5.63380000
10920,6.20340000
10930,4.29520000
10940,5.74250000
10950,5.88570000
10960,5.25900000
10970,4.69850000
10980,5.01910000
10990,6.57640000
11000,6.33680000
11010,5.29370000
11020,3.59460000
11030,6.26200000
11040,5.46470000
11050,6.82670000
11060,7.15760000
11070,4.98340000
11080,5.61310000
11090,7.22930000
11100,5.68340000
11110,5.70370000
11120,7.02850000
11130,4.32430000
11140,4.87290000
11150,5.99970000
11160,4.60410000
11170,6.09980000
11180,4.44290000
11190,5.85020000
11200,6.30890000
11210,5.21470000
11220,4.86570000
11230,8.23580000
11240,6.75660000
11250,4.41080000
11260,5.91530000
11270,4.84610000
11280,5.66040000
11290,6.96220000
11300,6.23570000
11310,5.20890000
11320,5.14600000
11330,4.89480000
11340,5.57650000
11350,6.34450000
11360,4.30740000
11370,5.79370000
11380,5.69750000
11390,5.67850000
11400,5.71050000
11410,5.51710000
11420,6.06910000
11430,7.38330000
11440,6.20370000
11450,6.52940000
11460,6.01040000
11470,5.67000000
11480,5.35170000
11490,5.64570000
11500,5.26590000
11510,6.90070000
11520,6.36820000
11530,7.13160000
11540,6.05400000
11550,5.18840000
11560,5.55300000
11570,5.39480000
11580,6.40580000
11590,3.84190000
11600,5.67810000
11610,4.90710000
11620,6.48870000
11630,5.13490000
11640,6.43330000
11650,4.84410000
11660,4.42100000
11670,5.50850000
11680,6.06510000
11690,5.92330000
11700,5.00070000
11710,6.71810000
11720,5.24140000
11730,7.80820000
11740,6.41030000
11750,5.18560000
11760,5.85150000
11770,5.23220000
11780,5.84040000
11790,5.99140000
11800,5.60630000
11810,4.85580000
11820,4.28380000
11830,6.34110000
11840,4.49480000
11850,5.89240000
11860,4.62200000
11870,4.21260000
11880,5.27280000
11890,6.16130000
11900,5.42360000
11910,5.54590000
11920,5.23640000
11930,5.71400000
11940,5.66470000
11950,5.47320000
11960,4.60520000
11970,6.25530000
11980,7.18040000
11990,5.59790000
12000,5.81310000
12010,4.96800000
12020,5.92830000
12030,6.47980000
12040,6.44330000
12050,6.33010000
12060,5.75020000
12070,4.86360000
12080,5.90710000
12090,5.80380000
12100,4.96420000
12110,5.15760000
12120,5.56510000
12130,5.52760000
12140,4.13890000
12150,6.53540000
12160,5.52110000
12170,3.50180000
12180,5.84400000
12190,4.93860000
12200,4.94100000
12210,4.06170000
12220,4.97360000
12230,4.73830000
12240,5.81140000
12250,5.47680000
12260,7.25250000
12270,5.42520000
12280,3.85170000
12290,6.33290000
12300,6.62830000
12310,6.56600000
12320,4.28050000
12330,5.68020000
12340,4.92460000
12350,7.55990000
12360,5.08920000
12370,6.75020000
12380,3.32340000
12390,4.44120000
12400,4.97360000
12410,6.24890000
12420,6.33340000
12430,5.99140000
12440,5.03070000
12450,5.66870000
12460,5.50520000
12470,4.70680000
12480,6.08340000
12490,6.40420000
12500,5.21090000
12510,5.17120000
12520,6.59190000
12530,6.05600000
12540,5.71210000
12550,6.31070000
12560,6.59190000
12570,5.82710000
12580,6.91050000
12590,7.46610000
12600,5.23560000
12610,5.18640000
12620,5.80850000
12630,6.93550000
12640,4.68520000
12650,5.36190000
12660,4.75810000
12670,6.45750000
12680,5.95360000
12690,6.41830000
12700,5.72150000
12710,6.74460000
12720,5.46140000
12730,6.26320000
12740,4.92750000
12750,4.05660000
12760,6.79750000
12770,5.22940000
12780,6.28680000
12790,3.64130000
12800,5.35130000
12810,5.50880000
12820,5.77300000
12830,6.37420000
12840,5.95990000
12850,5.30650000
12860,6.09810000
12870,5.94400000
12880,5.62650000
12890,5.80890000
12900,5.48910000
12910,6.82760000
12920,5.12210000
12930,6.83000000
12940,5.16540000
12950,5.72720000
12960,7.65720000
12970,4.67620000
12980,5.75570000
12990,5.19340000
13000,6.14840000
13010,3.98750000
13020,6.24700000
13030,5.24950000
13040,6.61850000
13050,4.28480000
13060,6.03740000
13070,5.98260000
13080,5.36770000
13090,6.81120000
13100,5.91760000
13110,5.78460000
13120,5.47700000
13130,5.03210000
13140,5.96810000
13150,4.94980000
13160,6.34740000
13170,5.25810000
13180,5.94450000
13190,5.48870000
13200,5.54040000
13210,5.91110000
13220,6.23150000
13230,5.15410000
13240,5.51720000
13250,5.31020000
13260,5.93830000
13270,5.90270000
13280,5.55140000
13290,5.20060000
13300,4.60950000
13310,4.98390000
13320,5.88080000
13330,4.94240000
13340,6.62060000
13350,4.50160000
13360,4.85770000
13370,5.59240000
13380,5.21690000
13390,5.55980000
13400,3.81630000
13410,6.40700000
13420,6.24790000
13430,5.43570000
13440,7.24900000
13450,6.35470000
13460,4.81400000
13470,5.66890000
13480,4.65060000
13490,6.98730000
13500,5.26400000
13510,6.79050000
13520,6.26700000
13530,5.58690000
13540,4.69680000
13550,5.21610000
13560,4.91950000
13570,5.05830000
13580,5.36030000
13590,4.86920000
13600,4.44550000
13610,6.04440000
13620,5.48000000
13630,5.81780000
13640,5.31490000
13650,6.19530000
13660,5.92670000
13670,3.65320000
13680,6.07530000
13690,5.95550000
13700,6.27940000
13710,5.68170000
13720,5.97720000
13730,5.17410000
13740,4.94870000
13750,7.09450000
13760,5.57250000
13770,4.80870000
13780,6.33220000
13790,6.29170000
13800,6.34560000
13810,6.46190000
13820,5.89640000
13830,4.75130000
13840,5.91040000
13850,5.44750000
13860,6.54030000
13870,6.29110000
13880,5.57610000
13890,7.34930000
13900,4.87650000
13910,5.60340000
13920,5.09900000
13930,5.74820000
13940,5.88250000
13950,5.34100000
13960,5.80010000
13970,6.92920000
13980,6.08150000
13990,5.74340000
14000,4.79470000
14010,5.75470000
14020,5.71390000
14030,4.41470000
14040,6.04080000
14050,5.11100000
14060,5.20520000
14070,4.27780000
14080,5.66340000
14090,4.69510000
14100,5.01610000
14110,6.63420000
14120,6.12630000
14130,5.98600000
14140,6.80770000
14150,6.09690000
14160,4.98010000
14170,5.30800000
14180,5.92300000
14190,5.17030000
14200,7.21530000
14210,6.12200000
14220,4.08190000
14230,6.84970000
14240,5.46060000
14250,6.44360000
14260,4.98550000
14270,4.53030000
14280,4.88020000
14290,7.01270000
14300,5.80910000
14310,4.29810000
14320,5.90810000
14330,5.99470000
14340,5.23570000
14350,6.02130000
14360,6.25290000
14370,5.89870000
14380,5.23260000
14390,5.77610000
14400,5.58520000
14410,4.89320000
14420,5.26030000
14430,7.03010000
14440,5.09510000
14450,4.34200000
14460,5.04150000
14470,5.66470000
14480,6.01840000
14490,4.89070000
14500,5.44070000
14510,4.48750000
14520,6.12420000
14530,7.43210000
14540,6.29550000
14550,6.21890000
14560,4.80600000
14570,6.28160000
14580,6.52250000
14590,7.02740000
14600,5.28250000
14610,5.51820000
14620,5.22180000
14630,4.74820000
14640,5.54880000
14650,4.81350000
14660,4.10340000
14670,5.25560000
14680,6.50200000
14690,6.71810000
14700,5.36890000
14710,5.26060000
14720,6.88810000
14730,4.84620000
14740,4.94690000
14750,6.92000000
14760,6.28840000
14770,5.73110000
14780,4.90960000
14790,5.08970000
14800,5.67300000
14810,4.17680000
14820,5.15650000
14830,5.91130000
14840,6.02940000
14850,6.28200000
14860,5.91060000
14870,5.91350000
14880,5.39570000
14890,6.70320000
14900,4.95720000
14910,5.30200000
14920,4.97410000
14930,5.90060000
14940,5.32400000
14950,5.91450000
14960,5.86930000
14970,5.54010000
14980,5.87940000
14990,5.98470000
15000,5.61780000
15010,5.80810000
15020,4.69630000
15030,5.37000000
15040,5.98150000
15050,5.72580000
15060,4.69080000
15070,5.02530000
15080,5.32400000
15090,6.06040000
15100,6.29320000
15110,4.95440000
15120,5.28450000
15130,4.39430000
15140,5.77890000
15150,7.11580000
15160,4.47660000
15170,7.39550000
15180,7.20000000
15190,6.69770000
15200,6.40060000
15210,5.89130000
15220,5.30530000
15230,4.58970000
15240,5.96260000
15250,6.07210000
15260,4.80720000
15270,5.02700000
15280,4.36440000
15290,5.24300000
15300,6.21530000
15310,6.45740000
15320,4.90180000
15330,5.53650000
15340,6.10860000
15350,4.66790000
15360,5.36780000
15370,5.84400000
15380,4.76200000
15390,5.98330000
15400,6.64330000
15410,6.71260000
15420,4.89620000
15430,5.02660000
15440,4.59830000
15450,6.73990000
15460,5.80490000
15470,4.27190000
15480,4.39950000
15490,6.26280000
15500,5.48190000
15510,6.40080000
15520,5.70160000
15530,6.96950000
15540,4.77920000
15550,4.55120000
15560,5.40420000
15570,6.07530000
15580,4.94310000
15590,6.11400000
15600,4.77100000
15610,5.52520000
15620,4.69470000
15630,5.43910000
15640,5.16840000
15650,5.26060000
15660,6.25790000
15670,5.66520000
15680,5.47400000
15690,6.09890000
15700,5.28920000
15710,6.39160000
15720,5.75170000
15730,6.11600000
15740,6.20830000
15750,5.84970000
15760,6.92910000
15770,5.43990000
15780,5.73360000
15790,5.41030000
15800,5.75410000
15810,5.25870000
15820,6.22590000
15830,6.91460000
15840,6.43720000
15850,5.69010000
15860,5.76560000
15870,4.37430000
15880,4.92950000
15890,6.16500000
15900,5.37120000
15910,4.96500000
15920,5.64750000
15930,6.43350000
15940,6.24800000
15950,5.75680000
15960,4.62880000
15970,5.35080000
15980,5.68630000
15990,4.85570000
16000,4.99380000
16010,6.41360000
16020,4.90250000
16030,6.60200000
16040,6.34520000
16050,5.46200000
16060,5.09660000
16070,6.48450000
16080,5.03330000
16090,5.98450000
16100,7.51130000
16110,6.16400000
16120,6.27390000
16130,5.67380000
16140,5.61130000
16150,6.57740000
16160,5.00450000
16170,7.37730000
16180,6.39110000
16190,5.00350000
16200,5.59640000
16210,5.02750000
16220,5.35450000
16230,5.54710000
16240,5.29600000
16250,6.87430000
16260,5.88300000
16270,5.90630000
16280,4.99070000
16290,5.84400000
16300,5.25750000
16310,5.35930000
16320,4.94100000
16330,6.10820000
16340,4.57890000
16350,5.60260000
16360,5.54230000
16370,5.89160000
16380,6.56240000
16390,5.95410000
16400,5.97310000
16410,4.76490000
16420,6.23490000
16430,4.82850000
16440,5.80290000
16450,5.79060000
16460,5.59040000
16470,5.13640000
16480,4.29320000
16490,4.08100000
16500,6.22170000
16510,4.32340000
16520,6.61090000
16530,4.94520000
16540,5.61270000
16550,4.58590000
16560,4.80570000
16570,4.80640000
16580,5.03220000
16590,6.33450000
16600,4.92190000
16610,4.92340000
16620,4.53990000
16630,4.59380000
16640,4.93370000
16650,5.52340000
16660,4.98890000
16670,6.64830000
16680,5.99070000
16690,4.61090000
16700,6.20310000
16710,4.47060000
16720,4.99500000
16730,4.95740000
16740,6.48500000
16750,6.91310000
16760,4.81230000
16770,5.89410000
16780,6.56000000
16790,4.93310000
16800,6.18350000
16810,5.62560000
16820,4.65060000
16830,6.29180000
16840,5.82460000
16850,5.51480000
16860,4.80030000
16870,5.60000000
16880,6.65750000
16890,6.11800000
16900,5.31110000
16910,5.25120000
16920,5.61580000
16930,6.29980000
16940,5.57690000
16950,4.81090000
16960,6.72720000
16970,4.91560000
16980,5.45890000
16990,7.57840000
17000,4.71350000
17010,5.33500000
17020,5.07300000
17030,4.93130000
17040,5.81650000
17050,6.40540000
17060,5.89450000
17070,5.02890000
17080,5.19420000
17090,5.76750000
17100,5.49090000
17110,4.04560000
17120,4.97030000
17130,4.67940000
17140,6.27330000
17150,5.52720000
17160,6.78480000
17170,5.02880000
17180,6.48980000
17190,6.18270000
17200,5.70060000
17210,4.63510000
17220,5.49470000
17230,5.19630000
17240,5.24630000
17250,4.11160000
17260,7.47500000
17270,8.05150000
17280,6.33750000
17290,5.74840000
17300,7.00760000
17310,5.59680000
17320,6.31330000
17330,5.74460000
17340,5.78310000
17350,5.36070000
17360,4.53890000
17370,6.18230000
17380,6.57200000
17390,6.28840000
17400,5.49270000
17410,5.04300000
17420,3.65090000
17430,6.93700000
17440,6.65630000
17450,5.96880000
17460,5.88380000
17470,7.01070000
17480,5.61650000
17490,5.89310000
17500,4.71420000
17510,6.00180000
17520,5.08300000
17530,4.39900000
17540,4.69300000
17550,6.34160000
17560,6.30860000
17570,5.12720000
17580,5.43420000
17590,5.67470000
17600,5.91810000
17610,5.20270000
17620,4.89340000
17630,6.34870000
17640,6.91850000
17650,6.38040000
17660,7.20540000
17670,5.18700000
17680,5.59170000
17690,6.01820000
17700,4.22150000
17710,5.14670000
17720,6.25600000
17730,4.82970000
17740,5.78040000
17750,5.17470000
17760,5.13000000
17770,4.57420000
17780,6.27010000
17790,5.29590000
17800,4.40430000
17810,5.01270000
17820,4.14200000
17830,5.91820000
17840,6.17140000
17850,6.29710000
17860,5.64690000
17870,4.88760000
17880,5.95060000
17890,4.84450000
17900,5.90910000
17910,3.81840000
17920,3.98680000
17930,6.29900000
17940,5.02290000
17950,5.42970000
17960,5.51170000
17970,5.89730000
17980,5.81570000
17990,5.40710000
18000,5.33000000
18010,7.09370000
18020,5.74790000
18030,4.69890000
18040,5.14290000
18050,5.31910000
18060,5.11590000
18070,5.82580000
18080,4.92960000
18090,7.31030000
18100,5.38490000
18110,6.12720000
18120,5.72180000
18130,5.08900000
18140,5.22290000
18150,5.46600000
18160,3.41400000
18170,5.48160000
18180,5.22320000
18190,6.47160000
18200,5.41340000
18210,6.70430000
18220,5.30890000
18230,6.87570000
18240,6.01670000
18250,5.07430000
18260,5.12560000
18270,5.78300000
18280,4.84690000
18290,5.69560000
18300,4.96610000
18310,4.28870000
18320,4.26990000
18330,5.20520000
18340,5.38030000
18350,4.82880000
18360,5.14690000
18370,4.84460000
18380,5.53430000
18390,5.16700000
18400,6.14230000
18410,6.08530000
18420,5.18000000
18430,4.55920000
18440,5.90790000
18450,4.83770000
18460,6.26230000
18470,5.53180000
18480,6.11800000
18490,6.19170000
18500,5.37580000
18510,4.65090000
18520,6.47110000
18530,5.55610000
18540,6.12350000
18550,6.78070000
18560,6.37450000
18570,5.70150000
18580,5.50140000
18590,7.20890000
18600,5.11680000
18610,4.77250000
18620,5.04050000
18630,6.40970000
18640,5.23510000
18650,4.81390000
18660,5.78430000
18670,5.54730000
18680,6.54290000
18690,4.69610000
18700,5.27510000
18710,6.11570000
18720,5.60610000
18730,5.93740000
18740,5.46250000
18750,5.60940000
18760,5.59770000
18770,6.76000000
18780,5.33280000
18790,4.51710000
18800,7.34400000
18810,5.29390000
18820,5.44440000
18830,6.18040000
18840,5.21340000
18850,4.75870000
18860,5.93720000
18870,4.69110000
18880,4.51960000
18890,5.72910000
18900,5.58690000
18910,5.54960000
18920,5.83840000
18930,6.35690000
18940,5.56110000
18950,5.42390000
18960,6.96590000
18970,6.57130000
18980,4.82620000
18990,6.39630000
19000,5.52150000
19010,4.62050000
19020,4.57600000
19030,5.16380000
19040,5.90160000
19050,5.08550000
19060,5.91830000
19070,3.77540000
19080,6.82970000
19090,5.53410000
19100,5.99660000
19110,5.00900000
19120,6.55190000
19130,4.89820000
19140,5.53730000
19150,4.89490000
19160,4.97710000
19170,5.23070000
19180,6.67130000
19190,5.93920000
19200,5.62180000
19210,6.03220000
19220,5.76130000
19230,6.42730000
19240,4.57900000
19250,3.95970000
19260,6.16660000
19270,6.11830000
19280,5.70390000
19290,5.00490000
19300,5.22520000
19310,4.13960000
19320,5.85240000
19330,5.82110000
19340,5.73150000
19350,6.42500000
19360,4.78900000
19370,6.05510000
19380,6.04040000
19390,4.24480000
19400,5.23390000
19410,5.15120000
19420,4.72040000
19430,4.52640000
19440,6.76050000
19450,5.43270000
19460,6.54590000
19470,6.13580000
19480,5.50830000
19490,6.31960000
19500,6.01060000
19510,5.75460000
19520,4.59720000
19530,5.26490000
19540,6.49000000
19550,5.75310000
19560,5.73300000
19570,7.61990000
19580,6.20960000
19590,6.31280000
19600,6.30190000
19610,4.95800000
19620,5.42480000
19630,5.19330000
19640,6.89860000
19650,5.91800000
19660,3.70400000
19670,5.03990000
19680,6.52910000
19690,5.95840000
19700,7.08700000
19710,5.15390000
19720,5.31360000
19730,5.95740000
19740,4.69090000
19750,4.88130000
19760,6.13000000
19770,5.45370000
19780,6.23540000
19790,3.37130000
19800,5.44370000
19810,5.90340000
19820,5.42510000
19830,6.14560000
19840,6.09160000
19850,5.06400000
19860,6.76100000
19870,5.77080000
19880,4.27820000
19890,4.91060000
19900,4.92020000
19910,4.98760000
19920,5.61050000
19930,5.43830000
19940,5.52430000
19950,4.75420000
19960,5.57700000
19970,6.14190000
19980,6.63030000
19990,7.40160000
20000,5.40510000
